label,years,total_invested,final_value,profit,total_return,volatility,sharpe,sortino,max_drawdown,calmar
SNP10 DCA — Rebalanced Monthly,19.942505133470227,24000.0,145364.88842455507,121364.88842455507,5.056870351023128,0.3526135571909763,1.0958613450637522,2.3653340498611564,-0.4509024206657957,0.977652511435737
SNP10 DCA — Buy-Only (No Sell),19.942505133470227,24000.0,163836.39989074864,139836.39989074864,5.826516662114527,0.34329168715917774,1.1334134294831322,2.5832225744257613,-0.29298080229259926,1.534211019921293
SPY DCA — Buy & Hold,19.942505133470227,24000.0,101561.5427162394,77561.5427162394,3.231730946509975,0.34356606424787295,1.0628316638805664,2.330773427686017,-0.3566918344916664,1.1638904357046347
